-- phpMyAdmin SQL Dump
-- version 4.0.10deb1
-- http://www.phpmyadmin.net
--
-- Хост: localhost
-- Время создания: Май 05 2016 г., 11:27
-- Версия сервера: 5.7.11
-- Версия PHP: 5.5.9-1ubuntu4.16

SET SQL_MODE = "NO_AUTO_VALUE_ON_ZERO";
SET time_zone = "+00:00";


/*!40101 SET @OLD_CHARACTER_SET_CLIENT=@@CHARACTER_SET_CLIENT */;
/*!40101 SET @OLD_CHARACTER_SET_RESULTS=@@CHARACTER_SET_RESULTS */;
/*!40101 SET @OLD_COLLATION_CONNECTION=@@COLLATION_CONNECTION */;
/*!40101 SET NAMES utf8 */;

--
-- База данных: `myPhoto`
--

-- --------------------------------------------------------

--
-- Структура таблицы `albums`
--

CREATE TABLE IF NOT EXISTS `albums` (
  `id` int(10) unsigned NOT NULL AUTO_INCREMENT,
  `user_id` int(10) unsigned NOT NULL,
  `name` varchar(50) NOT NULL,
  `active` tinyint(1) NOT NULL DEFAULT '1',
  `created_at` timestamp NOT NULL DEFAULT CURRENT_TIMESTAMP,
  `modified_at` timestamp NULL DEFAULT NULL ON UPDATE CURRENT_TIMESTAMP,
  PRIMARY KEY (`id`),
  KEY `user` (`user_id`)
) ENGINE=InnoDB  DEFAULT CHARSET=utf8 AUTO_INCREMENT=13 ;

--
-- Дамп данных таблицы `albums`
--

INSERT INTO `albums` (`id`, `user_id`, `name`, `active`, `created_at`, `modified_at`) VALUES
(1, 37, 'album1', 1, '2016-05-02 17:45:13', '2016-05-02 21:55:09'),
(2, 37, 'album2', 1, '2016-05-02 21:55:33', NULL),
(3, 39, 'wedding1', 1, '2016-05-02 21:55:46', '2016-05-04 12:40:11'),
(4, 39, 'album4', 1, '2016-05-02 21:55:51', NULL),
(6, 39, 'album5', 1, '2016-05-03 16:58:00', NULL),
(7, 37, 'album5', 1, '2016-05-03 17:00:12', NULL),
(8, 39, 'album5', 1, '2016-05-03 17:00:20', NULL),
(10, 44, 'album6', 1, '2016-05-03 17:00:20', NULL),
(12, 44, 'alla', 1, '2016-05-03 17:00:20', NULL);

-- --------------------------------------------------------

--
-- Структура таблицы `album_clients`
--

CREATE TABLE IF NOT EXISTS `album_clients` (
  `id` int(10) unsigned NOT NULL AUTO_INCREMENT,
  `album_id` int(10) unsigned NOT NULL,
  `user_id` int(10) unsigned NOT NULL,
  `access` enum('read','grant') NOT NULL DEFAULT 'read',
  `created_at` timestamp NOT NULL DEFAULT CURRENT_TIMESTAMP,
  PRIMARY KEY (`id`),
  KEY `album_id` (`album_id`),
  KEY `album/clients_ibfk_2` (`user_id`)
) ENGINE=InnoDB  DEFAULT CHARSET=utf8 AUTO_INCREMENT=8 ;

--
-- Дамп данных таблицы `album_clients`
--

INSERT INTO `album_clients` (`id`, `album_id`, `user_id`, `access`, `created_at`) VALUES
(2, 3, 40, 'read', '2016-05-03 18:49:28'),
(3, 8, 40, 'read', '2016-05-03 18:49:28'),
(4, 4, 43, 'read', '2016-05-03 18:49:28'),
(5, 6, 43, 'read', '2016-05-03 18:49:28'),
(6, 3, 43, 'read', '2016-05-03 18:49:28'),
(7, 10, 40, 'read', '2016-05-03 18:49:28');

-- --------------------------------------------------------

--
-- Структура таблицы `album_images`
--

CREATE TABLE IF NOT EXISTS `album_images` (
  `id` int(10) unsigned NOT NULL AUTO_INCREMENT,
  `album_id` int(10) unsigned NOT NULL,
  `image` longblob NOT NULL,
  `created_at` timestamp NOT NULL DEFAULT CURRENT_TIMESTAMP,
  PRIMARY KEY (`id`),
  KEY `album` (`album_id`)
) ENGINE=InnoDB  DEFAULT CHARSET=utf8 AUTO_INCREMENT=7 ;

--
-- Дамп данных таблицы `album_images`
--

INSERT INTO `album_images` (`id`, `album_id`, `image`, `created_at`) VALUES
(1, 3, 0x89504e470d0a1a0a0000000d4948445200000040000000400806000000aa6971de000000097048597300000761000007610195c3b8b6000008f949444154789cdd5b6b6c555915fee8bbb7654a5ba02d8fa6d55a868750a101418ac5197994c82be50731040a311a34512bc68c62a9ef2119ff1863cc3830c60c82c1c4890811664a67a831023234283242da0e145ba00f67dad2160a6cd7b7cf6de7f6f4dcf69c7bce692f7ec9977befbee7ecb3f7da6bafbdd6dafb4cc2f82355b84cf871e14c61baf0bf415e15fe55d886ff3324093f2f3c237c205463f02fc20a61029e72b0e35f13dec3d89db6628b70079e522c153622b28e9bf96761369e227c05f654dd095b85f3bd6ea81f46b052f8d331ae6916be15fc9c2e2c8031c2b36018c970e812ae876128a3129cafe146f0b1f0b7c255c23dc2cb884c13ee0b57220ab140d807eb469f17ce83d1f10eb89f0ed4843c4411e284d760ddd85f0b3384afc35b9bd02d9c8d28c1d761ddc86330e6f83fe16de707d916ac7f421180b55aff03c6c8ff1dfe747e903782cf99307c01231b4583b750f81bf8dbf941d66102bdc68b18d9a05760b8be6a1c79101300aedb568da117d88af11500b5aec4690762e00e9fb528a3c163b437deae2bfbf20b38ec935b013c6f51f647e12e4c0ce88b54601c6135ff37637c55dfccab4e3ae056030a2cca62e103727272ec5e4a8fd3b6abec4600cf08a798cafa85f1f001ebd6ad7372f946bb17ba118095f3c1c447001e23292909fdfdfd4e6e596df7423702b07241db61c4059e222121010f1f3e7472cb02bb17ba11c01c8b32a6b0ba30f1602a2ed7ce85a309602d8c30963e7d95b0285831b941586d71cfbf853df0187d7d7d484e4e767a9b2d01c48d7233c3d7a4e06faad4f76cd4f73a7c98020303039a292929b87fffbedddb6c4589e134e093f8b0f376410f90e9ec76f880bb77ef3a590a095bed0f27807fc119d8e96df0118d8d8d9833678e935b6cad46e104c0d1fc86d08ee97d0786e3f12e7cc4eddbb71108049c68412f3c009fb60f465e9e167e30d5cd7c3fb33d9fc348212e804f6eeeac59b3547979b94a4c4cb4737d392608ccfafae6eb171717ab0d1b3628718ec6ba76a99dc6ba8d05ac30153ee2d2a54b686969c1e6cd9b9197376a62d8d729391abe857188faa64d9ba6b66cd9a256ad5a65f5ff7fec36d6f3355b50662e90398b65cb96e911ebeded455d5d9d5ed6dca0adad0d67ce9cc1c68d9671cf1b76ebf17a0a3c0b5328cace979595e960e6d8b1635a8557ac58e1c9c3440bd0d1d161f5d7efedd6e1a500b8a7f79ab9ce9292123d672f5cb8a0039aa6a6262d94c99327bb7ee0bc79f370fdfa7573315df1b376eb702a005ad63bc253181e723234662a6c49e8c5f3e7cfd73efcc58b17f5682d5cb85097b7b7b7233d3d1d6e909696a68578ebd62df35fafc2810fe0540085c22c183bb49432f3fe9f86b1f9312c066707d9e1dada5a64676763fdfaf5282a2ac2a44993b43f9f9a9a0a37282828404343039e3c79125acc8effd8493d4e05d0cbce703483e06e70ad307f58a5313158bd7ab556fb070f1e402c3562636335a9fe5d5d5daea700dbd0dada6a2efe010c0db50da702b8cdecccdab56b317dfa50b06579c6a0bebe5e8f103b1a17f7e16243e130bc653d6ec0fb594f0898a07dc9693d4e05f02e1f1a1f1f8fa54bc33b5a544b062f446767a7b6fe67cf9ed51ac1d580c69075b88168910ad1228e3ad7c3474eeb71ea077489016b90d8fca35463bb78f4e8116edebc39f49bab8293fbad201a5623b684790b2661be0a87aaef06bf9b3d7bb612b51ef2bcf81b266f6cf9f2e54ad45d656565f9e109721b6cb1179d89c40f78afb9b9598f2a0d5a6161a15eeecce032c5b9bf78b127ed34835b60ef785151240218f2b3253cd5cb9a15a8e69ce7f4fc3c463d8c03199e20cecd3d77eedcd1068dcb9b1957ae5cd19ff9f9f9d8b46993bef6f4e9d34ed3db56f8322230765e82fbf0b6e6eac18307d5e3c78f15210e9192e9a2c4017233f7ff8409c647c4b075efdfbf5f896aabdcdc5c6de8420de22099b408c5ca952bbd307ebe181427385a5959a93b74e2c489a186cd9d3b7744638f1e3d3a4c00555555ba9c692d31909174fe0d44015a2f5fbeac3b246bb04e46cc9c39531d3972644c0110376edcd0f74d99322512017c0651806689ec2c3b065383c55d56563879f264249d6f4094e097151515233ab56fdf3ecb861f387060c8081214de8c1933c27654561325ab86d57f55881230e1d9b863c70e75eedc3975fefc79b577ef5e6d0811a653b4fcbc5ec2614b6319ca458b16a9d2d252abffd6208ac043113f817140715843536312545152b62a49c955d971a9c3461663a8393563fbf6ed2a100858fd9f0b9fe0f6b83c930f2f0cfef87e562972e3d3f4f79b031fe0c0ddb7f477a6c5e83633426406876e7428e84e171717a3a6a6c62a59caa8290dd1869d3b777e4aec415d5e5e5e0d0ccf4ca588063c979aaf363e53a83263037ae4d7ac59a3323333557272b2929841959595699f60ead4a91cd9819c9c9cb759969e9e1e4e3b6afdec87630dd8b3674f8618b69765def7ca48be20fe7ed1bd7bf7be7bead4a9ab4b962cd9ded1d191cc6069d0e5e59636b3c0ccde3249c25c41464646b744896f5ebb768dfb8f4d304e9a3f1be6912f2244cbbc46a4fb023f3c7cf870fdeeddbbb78830be24e1f0f3f2d9236b7ca658f14d120aebbc5f777737c4f87363f37dd1802b5bb76ecd6b6a6a7a51bcc8439d9d9da141c1498417400d7c44c43660d7ae5da5120956f6f4f4941f3f7e7cb03374566a98f61accda12a20d2f4930f44db987a7477f2e53e367870e1d3a175a1d8c6cae199cff4c40ba8ea03cc7b66ddb12aaababcde134358a56cc3c8fbf13a61a9ef04e44f8576d5e83cff0e3a5a91f09bf6d2afb5bb08c026232d02c381e6fdd6a51d717858cabb92dcf0c28d3dedcf8f8004656c835bcda1ba49af235583a4a3c5cc186869ed0f8048ca5cc2a8e4f115a9d826496b705d6bbcdd40ebe32436de3ce481f2284175b63dc2ce1e9701e9d67ae9b0d7bc5740dd53cdcd9bd528c3cce4201fe6a946752737952f56330366622ceb17b2100ee4e749aca18bafec15416ee6c8bf9b82d5fa2ae0ed63b16a851efc1982211c14b1bc051cc84f13638cd3f559b3bc57c898187fca81556a96b5e471bc0e9c8a88f5b6e5667e1b8074655a786d106bc0fe35da5277001bf5f9f67a7a89e8941c6043f091a43f3f30760cc6f8e2c8d1c973f8e6e7ff0bb82a700fe07f322731f210f35fb0000000049454e44ae426082, '2016-05-03 23:53:52'),
(2, 8, 0x89504e470d0a1a0a0000000d4948445200000040000000400806000000aa6971de000000097048597300000761000007610195c3b8b60000092549444154789ced5b7b7015d519ff11c285bc490ce61242d018350fc7a13c9a020ab58182438355ea94569c0ee3b44ecb3f1ddaa15387766ce90bdb99d61147a72a4eadf56d751cb12a680b3a3e0ab4d80af294471c89a410b0492e0921dbefb767376c3667efddddbbf7920efc667e73ef3d7bced9f3f8cef77de73be7e2022ee0ff0ab9c2af0a9f10be27fc3dce23dc22fc506838f824ce03c485cf6370c7c993c2ea742bcf0d5126269c256c12d6082fb1eab948784c78507844b855f88ef53d2c6e14ae138e75a5f70a170b0f238b68163e23ecc2d0d948c65f8478578ef0271ef5f1fd372222f89180f9c2bb8457877c4769c0fcc5c247843738d2daa0d6ff01e1b35052f7827092f035e10a64005c7b2f23d86cebf85a80775e29dc65954b08ff21fc93f069e1b6112346b48f8fc7fb9ba64f371a1b1aecfaff893430c2237d8cf07a61a1b04ef8656143c877f40927088fa6c83753f80a54a768e2f60b2f153642e917ccbef65a949596a2b7b7179b366f46577737935b842f220bf80682af7f9bbf4e51f742e17f846f0b1f16fe5d78ca5dcfd89212a3a1bede28282808235d91e056841b801ee1748f3a670bff0db5eedf80127dbff5fe10590695663bc20d422b86daeda950ebfb3928133aa8ccba354dc6e2051353d5fb7328abe146cc62e4e02c8555881c8469563d95c2b550ebbddf9db76c6ccc30f62f31123b6f366a2715a6aa97d2e3ec2ccd2407f47957db99e72a84f37f06f02ec20f80bd1cbe29fc0d9462d4e6b307e0a97b6619932614f8a9f705ab63abf83b5e51c1b484a3b35cbe1f5b797f6a77262760e7999f1af707c23f4229aaa0a04daf107e4b38ce2bd3f113bd686b3f85f77675a0f548b79f7a690db60b575f565383cf35d15135ad590994a4514ac65b79ff858840713a04ffb37f42f823f8d4236bef9c6a4ac189ed8b7d4b5851519171434b8b31afb999bfff2bfc9a2b0f7d8b81259083f4f0bef02b3ef3d27f7f4cf87561b99f02bfbaff037427ce6074cc7f333b3b3b91482470e020b724a61eb8d5f198a6963e4d1f22c626a49e9d5785eb75cf68d7737272b4e5664e2937be7d4b6d203d336ad42843bc467ea7c2de8eb3ba67a6bbe123110de8b1cd49f27c0794e82d81cbfb8cc562983963061a1b1b31b1aa0a179797a3afaf0f5d5d5d88e5e42276b210af6e6b1d54d9bc6be258bef47234d49660ebfb1d904132f5c5997ec37cdedfdf6f677d13caeae441c5135e4686b012de33c2f5fe3ba8fdbbe7ac51028a65fd4ea8ac344a4b4bcdb429c59718f75fb5ccb8e3b245c684312aadba32dfd40be48647ae33268ecf37363dde6c1cdcdc625456e439eba4c67fcafabecaabe169d943073ee391ceb546fffe0b50bbbc41282e2ec67573e640c4153d3d3d66dae9d3a7f1ee962de6f7ce33cac854e75d8495350b71d787eb71f8e30e2c5df13656dc5687b9b32a70f8cd45669e9dfb3ec598d82081fe006a1ff390f0675e0df7da0c0505b7cc0c7c7029fc5838c54adf0c15b4589aaa82d1a3479b9fb923478ae24bc0300c949494e0b62b9a51d35d842e198c7b0f6dc4e1c4b18132f979235154304a44de40fbf11e6775dcb3d0c3e48e96dbea5e64119c69b692e6f11e28e5630425cdd982f9f38d783c3e90565858e8a92c5da4f2a3c5294cd5d8a89680139f42b9a094ae0508e18fe7e7e7638638323b76ec405b5b1bf2f2f270f1b871282b2b334ddcaeddbb53bd9f6b883bd0ce54efcac400101ba03a5febb7407d5d1dcac50214161498cb61dffefd68fde823f3598ee888fafa7a3306409d71506cfca99e1eafaa360aef85cf58645466d08dcb85ab11c0d1e29a6f6f6fc79e7dfb4c4528b61c9f1c553114fe9e545d8da3f29c264e968529191ad0fb592edc8973080eea5b08b1ee6d8ac81bd7cbfab79c19930c813118929b9b6b88b4e8ca51241662186019d2e8bccd2993271bb214067ed337f8fcecd9c9caacc63000b5ee27886000747484c2dca4c8376218e097c850e793909afe0f50dbec35c2b2200d8eca1122aa847ba1f6e0d9c44b50fb7cdb1b65f0809b2e5aa23d505b629e1fd059db267c2043ed30030ed99e7d76900725677ce6a7a26c42065017a01151911b050e7ad020ed20298dca0fb80fd9574234b50cac5c19b01c7504f7cb7f0bf5560dcec5ec73afc198644fc8f2d40ba6b2f4f2d4f2a18ec28a901a813cbe88c05d26031d61e3fe34d7cbdc89ec04a3263c6cb4478a33fb3acec6f2dd3817b3cf33432abefe34ebd9e21e918d493253d4aed10cc08359ee3c07fb71a88d4e14f555d91df98b8fccdc833a459dc186d3591e00c616d74758df97d89116e8475a17ef9fec1880d559ee3cc36bbc9ac318d8c988eae4018fb99e9c893c9abed4eaa45b326eb2d269478f6579009c666b494475de4d91aec1607c07ea2a8add5127eca3300e8497cf7d1ceab83b6aac747ce75d25babc3cf2a267c7e32fae67c61e7707adf8bb383b227f75a4b3f3eeb37a7bb0921d84f0907227a29dfd6735ed9eead11f2af4777cd67bb75d680654f4d46957bfe8ca7cc84aa7f2f3327d8cc830169fae8972928af60a04c3d53eeb4e7ab96aad2bf34356fa728fca3828bcc2da8a68673fec7558daf9dba1ee27f134fab3186aea1725abc06d051658e95ee24fb17f11d1769e4b308e70d07989d4798f39eaaff22a5c8ba10d1963d1cbffe6ecb72158072935c924660da207fbb0d7a22768099c0dd960a5cf85bea13c74e4fd9f6d083600746bbda4a60301a33b01406bb136590686989c8df99e95be0afa59b46f915203af83ff01e0e5a8031ecf562173a0e84f4b96810ac4d998b956ba7b60c80735e5e721f572e073faf53a8b41272be5b1561a18d00f5edb58f775b63dee821678e5e50e4d792ad0122407fd7a5eb1d1c5257f0b1fc75a6920e561a97b46ec23b4db5de9376bca72e6b6baf23100f128cede0aa35fcf1ba1a734ef3a82cccebe2fb8fd7cdb147120e8e971dd7f5f538e12a2bb60edbca7c359a712ba13faa5b11cc300cea008e9761874e2cdce3f8aa11dfab3c73b74fa84b39fedb0ba166e2f909b9b64624909791d433bb43549b9bd9afccb304ca0f3a56919dca6839de366aa43939f36deeb3a5c99263fafcc663bb698145e071d6c28bd3eceb8d7cd6efee921d91f9aa6b9f253a764e4c0221de8b4b91ff23e60aa8b90ee01c884cb1b0978df87c1073f1da7a9e3f6d28f18d39ad87f8de1e62a23d7daa3043d3b6e25757100c600f80faff28075727019863fe736ff022ee0bc05f03f01525cd7563a591e0000000049454e44ae426082, '2016-05-03 23:54:10'),
(3, 4, 0x89504e470d0a1a0a0000000d4948445200000040000000400806000000aa6971de000000097048597300000761000007610195c3b8b600000e0249444154789ced5b796c1cd77dfedeccecc1e52e8fe5f25a1e2245499448c9b264d9b278c474e0066d4e19088a3447ed044df25793a06913586a50b6b0eb3f821a365ca468925a969da4b58340165ac331e2d6944493ba2cc7a24459b628525c922297e492bbdc7b76e6f5f786a46492bbe45eaa0d341ff0b8cb9977ccef7bbfebbd798b3fe00ff8ff0d96ef0e8f1e6a7f101cdfe38cebd4fb2f464c7dc7babba1e3638abc1270f450db0f65893da9984c4cd312e01cd0346d9883fde5a3ffd8f72a3e86c81b012f1c6a3bcc64f6b8a3c88a5df7ed812c9b313b3986ab03c3d0754e44e83718e37ff3e74ff4ff1a1f23e48580a37fdbf6b404f6dd12a70d4ddb2b8c6b8ad90173810b5c4fc03b318a6b831e83085dd387c0f8971f79a2ff2c3e069073ede0e863079e9564e93b4e5721363757dcbaae6b71a8b179a298a1b8ac06b50dd5309b75f8e7824e06e99b0f77d6f063a7c64ee02346d61a408e4dda9c68fb2503fb52799503f59bcbd61dc6642d81d9ea24521670f1ec4504035170861f3cf2f85b3fc64788ac344008df186f7b4992d89f56ba8b50d758b6611b3d11353422b410c6f8e82c24d94417f53f3af8407df895939e3e7c44c858035eee6e35476245af92da3fe4ae2f41756d49da6dc5ac7f3038455192a1a0b81ad18519686a8c34817def91c77b9f419ed0d5d565e7d1e8838cb1268abf0b9224bddbf3d65b17e8d69a709c110142f8a85afc1a75fcc9da865254ba8bd36e3bef0b63f8fd696c6da9c4021171d3134041491591302b48e09acebffdf527fb7e861cd0dada6a7615151da6af7f4dc5b6eaf64d8acb4fcf2c2c3c7df9f2e5f8f2c5b40978b9bbcb1e8dc7df6412dbb7698b0bae0a7bda0f6608ffc10cb6eea8809dc2a4f13463f37925c198f558ec3fc5d70daaf6308be5733d3d3d41f18f944ee742f8483c7e4a08df90a1f0b3de2046aecd60fbceaa5bc20b08d371d71723323f09aba30cb2c9c22889fad7238fb57d131982845748f8e3d85878a33ad5bd958b6ce8047fd5dde58ac5e3e7c8e1b588182fc25dba9821e1c7467c6826e10b0acd6bee0b426413836f6a06058e0a113a19b8f6d9cf77d44d1ceff55c48779c4d6ef793f4f1d574ea16151589ec744b9ddb7dedc6d8d8c0ba0408e1d578ec2c39912621bc4874d2c5e4b8df28db77b9612d30a5ac5768b7c06496296b9c2612ca8904d520e160fb26cf2bbda3ef6c344ed78103dbe9e34524d366c63cf4779a8a9364c0039d9dd8bb670f1a1b1a3072e346ebd0c8c83fa73481177ed851afc6e317a961a398c14c85f7de0c90f0d5b058950deb0b93aadfec44d84fe650e834cc81c9fce7945e3fba515b5a6e3c411fab079984247df2445f5ffd89fefead1263074b4b4bf5eaea6ae3a6cd6683bbbabab9e3befbb625d500213c97f5f392cc2a9b57d9ee4618bb3107df74083beeaaa69955d26e672313b158144c2f6b4242659c6b5f78b8b3eec6b1539edf276bb334fbcf62a5338f4abafe504f7fffaddc62c4e3b95a5956e626f5df575cbc18b942e1302627277bd668c0f33f6a6f85a2ff5e56a4f296bbdc1909ef19f6191e7ffbae2a28a6cc73ac32d28486a6328403a40976d204c54289267b2e952670ce7f80d5aacff9dfbd79e6ccdbabebc68043e72f5cf047a3d1c5ff6331d1b068c5531ef9d1815d92863e12be58cc6032c7950a2314e6c2a1387690f0b292fd1243684281cd8ce989f535a1a3a3a35ee2fcdfb092800966b57e65646424b1badfb1b1b1484d55d5b0777afa8bc2115eba7c19b144e2d95b4ffae2e1036d8cb35326935cd87277cdba8e6b35ae5382138d26d0dc5a4929ae845c51603311f92683041122f54482717d25099b6b6a84eddfbfa221cdfe89dedede54fd92d7bf5ced729dbe3e3c2cc7e3f1974ef6f7bf60d8ce0b873b3a38f81b26936469d9ed86d9929eed920a62e83dafb1f1b185921cca10914f08731a7a8f34a1a802b1d0bc912cd1a8df78ee77ea6fb9a20c53950fdb6730aaeb3567ce9c09643286f4fca1b6cf50dcf91f8b45b6ecdc539391f0d7aedc39e10516f717ca11097861292c31a203f9bbe74a8b9597b1527811f28e642abc00397a76dc64914d62e6d3755cbaa6e3fdcb5364ebd21d137e19b7499882d95684d9b089cd85d1b9aa5a82e9fa53d9f42fd104caad64f399087f95843753f2b2795bf91d157e198204118e83f35ef45e59dc6bfc30e8098ef69c3e3d924ddf9278fec177270c7bdb080955c37b0393b03b2c6824e1ff2f51e8b0e2e4158e9980b6e23a3d7f3021cbff906dbf8acef1a558447d66e8aab7d26a35193b3b8ee2b5b17f59f8e2d202d4353a912bd404c7b8378e699f8a5044472caec359acc0556a426da51926e5b666c5558e5ffcd734ae4fadeda7b2983ff3d26bbda3d93e8731ca9bdd5dca585c7d5407ff312d7a4a442c164414d24c1b0f104be0cabb3751e17664b401b21a91a88e3303415cb812c4f0580c098d27ada790f05beaadd8bdcd069a20fcf7693f7cfe35a11d9465fffbeba7fabf8c1cb0c2808f7477592535fe1f94607f4156145aa898491b2c989a08404be8d8d7de90d520d1988e574fcee1d4850563a6f302ce8f9c387dfa2f80dc5ebaacc85abededd13a5ee86c4f7c2921aa89a0d33d33a85a07223ec6583739782f8fb7f19c31b348bf9109ef22c4a59f8f749f86f00b9bf714a1df499d8c9b567ddb150ef9ffd660a17af86912b4ca48db49a4369911d3b5d23beef3cddff14f20405770042e59ff8e93866e6d58cda95d04aadbcac0c94a61a1a27cb320aac5688b5bc7f6101c39e712442bc107944de09106f7fba7fe2813fa865dcd61f08405555984c2623bfd0759d1c67d420641943b4507ca0aded9f68adff7de40112f28ca3c7bd59092f2054dd49aaee2c2981d56cc64230b842f85be0fcaf8884af210fc82b01b3f3099cbd14caaaad42c2575654a0d066c3c4d414cac8149a1a1a52679a9cffa46bfffe5ae488bc9ac08bc727b26e5be172199b1483efbf8f442261a4a862ebca61b72340f69f04762e496237e861e480bc69c02ca5d223371359b717ea3f343a4a599f4ac90f373e8529087fb00e0e76b5b7ef430ec81b0163942cc5d4ecdb074321b4df7b2f6c050568dab409bef979c3fb8742eb9b14d7b4ef2207e4858060288e316f3ca73e66e7e6e0f7fbb16df3666caaadc5fd7bf79256f928a4c6d66fc8d841f16224db71f3e203e6e623980ff29cfbb9313666684090bc7f3812a1cc312d52ed5a2cb6973eb33a70911f0d08c6100a232f1082cff9fde90a6f40e27c7fb6e3e545034211155135770d100eafa2bcdcf0fe8280d9d9d90d7d8001c6eece76cc9c09d034e300544e7d0867b7b3b515db9b9b8df4f7c3989898c0b9b7df4638bc8e8a715e95f5d8c811d1e8a2ebb79ab2db1a13c277b6b7a3b5a5658df0026eb71b7ffca94fc1e170acd74dd63b343913104f2ca6bd765b76ed5b76ec30845c0f168b059d1d1da9b342c6b21c3d0f04e84bbb3aa58ecc35c04a2b3d41403a282e2a425d6d8acc97b18cb7c3979133019a7e9b00ab39b3b65b9a9a92aa7d2ad4a62280732fb244ce04f02502847656bb32ebaeb6a626a3fa62a1940cf404591390d7c5506335c3709aeb21e1fc4a28d7171b1f1e8f079ef171ca04e7a025c8a932194e6799a1216285b80c2625279871ee4196c82b01b515126c561de1e8c63981706c3e4a7fcf9dedc7a68a08dab749b02c9990ae6b989e9fc0c54b444c7113f6dd738f713d42495232b02cb340819c4d8049b79d9ff8da5c9f5e971a2d79fbfbdec403bba3b87beb6de18d7ea88b4a27c343fb142442d7716dc8d8a785777a3a595709f2a6a7912572264091577aff960612268d37eb62b9dbb61328b1a78e1ec2afb4dd25e3da0783c6ff1364264930b87ce42d1be44ec0aac3102632aa3dcd1b7b76878da1ba6ce3d0295e59d6baa218ba7eddd8224b82df2007e44c807849ba1adbeaa4756756c059947ede505d26e1e2c040b25bba26cbcf2307e44c80c5acacc9d0842fe8d82d63bd17c799a44d669348b9a36baeeb9cf7f5f6f68e2307ac21804b7c49cfd25bdd09216d498ed3b88a195a1b53f3ebf1ea0884d31b2398a2decdc9c937e8e34fa83c48650f15f1ee2ea3f7066b9e5062ec04631262617fda9dd86cc9bdde3de40b1aab93932016906f9cd3a0a6b18d3832b99680783c7ef1dac8c8f2693021b4c8aac8ad1a648823b34d4823ccaf31e063273dc39f3be0be8febea56351210710e926286f82e7e1b20496b95572c876766428b3f89592ae29aaaeaa871c1309199008c830d9fe8ecc4ddbb771b3bbf93de39786735543a54c4a209a384c32a22212ae1c5e29d4de0dda13563f2eba3a38f93534c354b22a88a030c227716b133e5ee4a2a53dcf5adcf6ffdeadeadce3fb359953aa322092ed25e4180d8b55d4e810562710dc3e3fe353db30f751f8ecbb8316785c3d56410201642afbdfe3a028100f6d5056096d7be4c5175864b371d88a82be789043f766160e039a4077172e452aa9ba90828a0722f95a22f7ea2be75ffceb24f3b0acc4d05163965f23e78dd175297364614265186ab6b714d8f982419cbde50d3f57034c1d85cd46a8f2514b3d008aba2facaed9169596206a35a82531ec9a31a67f290af641fd55b71204155d52b67de79e790267e97b731c42a516489d15415d673c6e29ed869a9a7227e132355390b0a9c7693c517546393be1479699eb07fefdec3b4f8b97fc7f6ed10c75bcf9d3f2f7685460706071f0b8442eb2d7fc52ccc5011eb83496ce0cdd77312a2e1cda522ea39496851c4615b51325cfca60f5a222b568b65fffdfbf7a3aab212970707c5d9de0f2e0d0e7627115ed8b77fa9f8964ada6f68d25d0c890ebd58b9ec1404880304628d2a4cc6ba54c4b91ad352dfa24ec63b2542bd63b1d8f9b367cfde9ba07f4291c82bef0c0c3c458e53bc2313ea2cb44f6c128a909dd30b893b7fc66d31d42ec7491352275fc20b2ecf9cd868d43b3a3a4a15458950ae1fc51d01f0bf041bbfa4addaef480000000049454e44ae426082, '2016-05-03 23:54:24'),
(4, 4, 0x89504e470d0a1a0a0000000d4948445200000040000000400806000000aa6971de000000097048597300000761000007610195c3b8b60000175d49444154789cbd5b097854d5d9feee3a77f699ecc964df20ec0670a375e95fb5152d82922a8a05f7fead56fee76fc1f6d7a6ab554b55ac3e6a4116b5525054686b416b7103951d9240200964df6626b36f77fbbf739309210b6442e07d9efbccddceb9e77ce75bdeef9c33148c0336ad7eea529aa577b22c2bcb92b4fad6253f5d061701dfbdf3610b4351b7322c732b4541a9aaa8694051611aa05e94948db40c9bb7bef57ce7d9ea60cff5918deb7f5fcac8cc17789aa252ea3b154b57dc36f81d9a65eece74e4e8ed296970f4d0de7bf1d60515c00df72e4bd2c9ea13aaaa3e64359bc594249b492f08a0e3799065d91a0c8733dc6ecf256eafefe99beffec9affc4df6953b77564ac3d5459feb638ccc920ea590734aa56e250219f29222b91445019ed701fe9a2b2b2b69b840b8e9073fb95b27aa8da976fb43e55327e9ca4a0a4da9c94960321a80e35810041d24db6d5052946f983179a2de6c323c6ecbf76e5fb8b0921faebe613560db2b9586286fbe5d27f08b25499aa5c812e918d00c033c2bfc7bdb5babbe0847c26b2a962eff502ba052ed622c1ac133816198f0b442231158178c236e5cf2df193cf01bd0ccae2c29cc37920e138892044e9747757b3cfe6834a6d00c0d76abc590959ecaeb743c4c9e50623c76a2e1721f7856e1eb0f0dae77880f78f7cd954b54095e4c4ecb60b2b2f375567b32e80d4660181662b12884830170393ba1b9e178241a8bb6c7c4d8020ad4428b35695dd184c9e6ea837b7c72383667c17d3fad1a8f8e136ddadfe05a0214b32a2b3d8dcfce4ae7283478ec2c34b775845c6e0f45d3f081a4286fd040d5cb8a6a6259fa761c94fbca4a0b51038cc42c60efa19a88a4c6a6ff73c38bc707d67f86066cfdebf3bfc08efedfcc6f5c23586c49431a43549c1c44288525938496c6fa82aa035f7d292ae2c3921853b40a59568d31a194d176f0a6c58fdcc831ece33228dba312bcb2fd8de7dac9fd6baea9648d393df30f9cf2fe46d01b1c2505b946835eaf75063b1eebec72c92aa8ab84b0f8bbcd9b5f0a0caa7617dafea6a3c7eb77cc9c3e598f5a09692976bacbe95a8ccf1e1f5600c4b615497efc9bff75b34e27e847d5f8ecbc2260394e7768ef17bf4353d1b489e578b47f3a094609866656cfb9e2d24c1cd4d9878e54afb865e9b226544c51913d0506835eccceccb0d86d16eddd2ea75b6d6c6e8d28aaba45159947b7bdb5d23952bddb363cfff9bca5cb5a514d8b517260b35af86e97e7aac1eff50b8055f9974459d47dfae156902451b3f904904a330af101e888388e52206dd42529f5448fd7933e6dca14c666b33227eaea4a4005cd99712cab8d84abc7034d2ded4151124f2812dcbbed8de7f6dfb8f8c7b36e5efcc88338bad381a60a28b5d7a163d10e49964ea0c3965459c9605946fb0c8d764251aa69f0e7fb05802fd0975f7303d8eca3d65e0da8fab07deb4650645920d7bc0ee311a5668eb6bc1a91eea8aa3ef665b7d3956c43974d3cb9a2a8e0f305c01b08c45cae1e547568400d5b1e6c49de6ece752ff9de0f1edd81a6c627db6c82c1a0e348f88b833845156dc31f085249762bc49f61fbd0e151dec1df1fe00354749b42ff95b3ab4d737aa3057aa2206a8e114d00fd155b30da725b37feb90d4354717b7bd7e2ae6ed7628ced05680ed80ba89365f55399123713c785a427db9aefa932188cd9f9d98efe283052735293ed67dc908946536a64f08b039da09d65b9fe0bb4334804e8997d9288026059d4453a3391b29b3757c6f0674ddf3104b72c79341fdbb3df81fec09191c6c018a0d7118e02d306dfef272c28792b4d0de02f090a00cb3a514d8953c408a4a6c338e19a254b046cca7f721d8e843baf0ee883a01780e738c74d773d7acdc077fa7b8c36622224a2ff3a3127489c4f37f107448bf0bb49304eb0aaf6a76c364b7a667acab09d0f47a2e0f307862d4bf842381cd138030951793999c0b0d486814c75dc28abaa28ed32d1004d008a753cea9cbb685921d67c7f616eceb071391a8b41f5b1139ae31b097a1c79c2084914b05bad20e874f6bd0dee79f1e7e3260045551a4551ec350145318d479dac00953ccf09238d70ddc926c8ca48d3b8ff689195916a6219e6c7f1eb711300a5a8cdd168580b1b28edc8960dcfa49d4f7d84092a9252118d89546dfd4938545d8bea7eda89fb834188a1c089001281cd624136a95c49ea27d7670860a0dd139549040a05e80445e2cd8919209313cfcb0f18729c33743c27ce9e31052616174212b2414992fb9ff7787c9062b7275c2f21461cc3c8e67c6731b9eeef253a8cc8400110079208284a714a31b1371fe038ac8a4e8c510d024331df469667e876f580c562821c472690c4260ee2d8f47add98eae675bc04326491f3810208ca039c09497d130123b34e5912fbf2014cd868eabc4c00738472547fbaa1b119f61daa86f6ceee339e63fde86bd431d58d7da514aa37e6b3036e062429960cd02b65264101488cea441dd59814e6479caa52e7a50188c29cac748d1613db0f044320219d65fbda65c4ccd01708426a4ae29646fc0a03b4365f715a0368ca190d87fb5f62182ea14a531b434e45e9cd07389e27612b03ce032a28a998c9414a921d8af273a1a430afbff304c4f3bb31491ae817460352273256aabcd0aecd570c603e501b0cfafb2f49384b04d756564aa8461162462800a2c205701e4016974cd47eff911a3871b2710831c3f008e9a929180a1bcf607c23d405a2d86bde4dad6d616ce74b4886b40afb05202ae23e8fdb198b5f731c0f8902e9b087a4d2840ca18539608cb8f981070ca802fca4d22240faabf1f8e190e3c8d0e6b48e1eaf874864e4c48d98501512a68e2e97dae3f5f5a8bad0afe2cf4e2743aa7ad0d5dd114649f32404924e90df842831056e54afccbea46aec4e302cdc6a301aa2568b99c363e4cf61a42221b2ada30b8e60070dc8fac8e407311592cce5646568ef909924bda083534d2d32a5d2576f5bf76a285ec7690184a35f4728d6108b4540107a534d9e1750b2a1449ade851a30994c09c028f381b98b7e6867549e9729e4b50ce7c0c6ff10db7e4f615eb630da8f66a6a76abf4daded1a39b2984c9a300682f891fd87ab555d24da31f07ebf002a7e5419d8b2fe8fa7fcde9e92b800747a43620250a1836484469607251ab4fff57b69e9ac8e32488ada3f8c8c0ae62ff99957b7ebf26f0b015786a923cbd0382e2a4f7e20273b4bc1e487e547e983489e5f535b47668f606a59a9a601246210ad707b3c413239829a2c93b944d4d07077775a6458011028b2baa9ade9e4f2d47487765f8f82f0c2e821cb624777671b34d7ec03f1a3574c34a7b66207c3c9c966c5dfe3576d29566e97d741b50aa54256760e45d43bde51e2a8b4a977442224acb1b9555b1328c8cdd6ca13de40a6d0484a3ab3c86cb4e8390c9f0a3a655dd46632ff66c9fa5f9c91399d21005a818d1d6dcdcbca621196a8bfb60ea013a077ca7f14a0e86b057cbf64cef5d0c2a9e0dcb186ce34d1a62b6fb90af6bff71194dffc0df8f0ed2024a5a44271612132393d108d09854310f0fb13e61e0464b4493420d4b8b1a54da3ba5693000f2cbc1ad2932dfdef85027e5d6dcdc1dfe3e9ca81e5cf20fc642e1fb3ba4eb7f3f49a86c964195543b66c58598fe3363dbba018736e16722efb0e50b3e6ab6dbe58c0efead52332b2d7330741f6b5c1fe7d7bc08f9d36188df80d73c2b9471cf9390ee876b9a1adb30b269414226f4892af2c31296d7587e0c0579ff51f278e1d218461f3e0f243beaa2af074fdb1aa00921aed5a403f403a742e94944d2b3499ad54cba97a6d56992c9e70992527148abe61fb7b9ff90351590bd6162a0c2f7d2f0cd3825fc3aedd5fc03ffef901343735c25861319b60cac412b87ace1590ed7028cd6d6def249b98170483c193573401e287416fc4c0407d3ab8fc1001f821b0ceebed51bc3daebe3b1498cde7ceb7c9ea5141e9242014bbfac0d7d0d67c4a15c5d87d77bcddb54b06e58ace80e83f555daf0981415599c3d6c2da797e30473ae030a6ba9ef6b10bc18e59a1d566839d9fef8e5052f861c514f9592c1a158ca859492969da819a8d3457ae1b5c768800962ead8ca820ffbae6c8de10994a2630184d3070c27424101bce2b2a859cfc62405fb0afe2de159f93fb8bde7157a3239eba67f751674ff83477d5a39f7840f80f2c14ff0ea972278c158479d61cab1543c160e5bbafbfdc5551511933e80dd57edf69178e7e8c01963ab700085443f8055f4f8fbfb3bdb9ef0e95d07a01716c14439f91be556cee691255b9dc1d929beb0fd7f50b2182193425c740ce9c01634543c349387ca4ba07f97dbf836339a1251ae9cd6dc8406218e42aee5ed134b8ecb00220125464e5ee43fb768723e15e1e40a281c1383c2b23d182d8fdc06b2c3f84c8dcb5c5dda2c4b8d9fbf71cabe90c48a2a7d305ad01153a277c1f142671ea1d0709a50aa8d6fd75dec2f83d31163ba9aabd2c96f401b5b369b8b223bade85f7fe6c87aa285b8e1cdc1d893b44ab2d79d824896339d5eb719f6e10af43894bc9c3d5bb685b9b1383c1959e187dfc5fdbbe84aee2f9104a2e03329fd88c4cee60d551388009504b5b8736e9391c483451544ad33432214a12a3ec8c748e62d5dfc6df0987fcde78580da30030ab3e325c5d678d3d7c34f080b3a3a3f9645d8d42681ef9705272fa909065345bc0ddd5d9af0206a4a2380225236d94a8d8dc1da89bf2c0b4cda60a4f8765b276afb6fe145c7ac914f8cbca2760ed73bf82cbcaa7425dc350c748da9099e500a5af4c3c454e4b49a2914cdd1cdf0881a468028960043e8f1bfd99b46db8b69c5500373f58198aa9e2f5b5d58703edadbd1a449c2111c240b666b2d828b43746ee739ae41d86e1025372f4e523d54dd25149a59f38d9d41c242c90ccdf2fb8f15a2d6d25db5de67ff75a086116479e91e92fadb128f82c87038cc81db2b33221180c4bad1d9d1ab3e35033798e978382b377f587a6be49221341c0ebc5f6cabb131600c11d4b1f3b45cbd25507bffe2cd4d5d1a2dd23fec09e9cd62f04ab2d89a83cb83adbfa53477b72b21fb5f4f6b3d53db330e9c56038f255f5f1baa0cd6a81df3eb706ee595609af6d7c1f9e7969bd36e97102b520100a8111b52a372f1f0cd82942793ffef4f3704c92e6b67674c588f91020256618959ef1f69aa766114a2de88dc830bdc43f386f5bfaf363631200c1827b571c423f70dddedd3b839d6dcd5a2c2709535c08c42f98ad36a5bdbd458ea7cf29e999988bc2a2ff54568ec8a2881694e7dbae0b04422f787cbe28e6eaa83934fcebe32fc0170c6bbea4203f0f264f9e0c4949c9da28137cbd775fcce7f7def2c19b2fecc0cbbf1021f4b6496750282a077bf550524abae6bd9d9ded614595568dd48651f3cf85f7acd88544e2b2fd5f7de23e555fa310d52442484ec9202bc3909195cb623207aeeef65e01e98d063405bf2bc730ef6cf512216cdbf0fc6328391fe1f557cc2a87850be6a19a9bc0e1c8d2e601777fb5574b73091a9b5aa4fa86c697b7add73a0f9428bfdaedead11e9236590db455a5a8055939f945240c7a90d0a912b7f6bc054070db9215d531599976f4c881a387f67c1e21a18f98436a5a16902d35c4e6da9a1aa57848ccce2de28052579c6bd7d8dc458fccc488650f86c2e00f6a210b664c9ba26d8731a1bd5ff7adab91f29ac1e7f3c1ae2fbfea5174c1c7e265df7ff3851aec79a7d7e7c7a42a1c9c9c6b9997e9c893491d8df5b541f4ddbfacb8ef7fdce32200823bee5dde26eb03e5ed2d8dcfefdcfe5e985066e2f452500813a796930e534d278f6bf353f694d40286e39227e5ea170c5717d9e878d3e2873702ad3e8169bb0fcdc95b73fc44381a8d6aa65536a1140a0bf2b57392387df0e1c721498addbeedd557cf98a48849f28f8ed53544c2c1203d293f95cfc8ca49696f6d142391706d556370e5d9fa735e3b4537ad7d7a064bd3abb3720a264f9a3e5b20823856b54f3955774ccace2fe2d00ea980cfd35977b42ac650dcb4f94b9779069627212ba8efcea781598197557fdfb0ea4ff3962cdb6db398674f2e9bc0106f4f4ca0b3b33b56535b1b5324f9feadafafda38a41d9b2a794f27f7b764ab71f6d419331d3d6ea7dad258df8d6635bd62e9cf3aced687f1d92abbe699f93a1df7724149991559a0aeb1ae36128984e8e2895379c211ea8e55edf2fb7a4e2e5cbafcaec165c9fabf51b1def68f0dcfbf41ae6fbafbe14b29a097d3343517d5d74b33f497b2287fca40f475c2f307977f77edb33609a27f33e8cdc5a55366147677b6c9edcd8de8fac5d9b7def358c3b9da3e2e022020dede9567ba0fb5f54941afd78743411e3b122b2a9ba2438716435add84ccf2f70bef59be7634f5cdbbf3e1495ecedfb073ddba116763c81e658a81cd188da27985a5252d8d0d51b7b3a35ba6e439c3f1fee1306e028863edda4ac1a41a7e4cd154253a27031ab03871ca25c8ced4a3470fef4f45215c5171df63676465ee57665a931edce78dbc585e2cea55aff99e03dd67fb0671aa93f2844769a07f8ed9a7c768b214351caf0946a391afc20c3fffaebb1ef18db6bde32e803836adfe5312cb294f6026763fc7ebd4b2e9b38ccd274ffcd3e5ec828a7b96cf0dbd3ceb69da12bc01c2c2278ac8ccc7734af5198f002f7d8762a563724858617c68effb43ea5dfb74060a761da6c0851326cfc8429a6b686d6cc0b48f7ae2c8a9c0b3f1058fd1e28209200e621aee02e3fb6999d9d72157100fedf9a28b92951f5c276faee18ca1f7d94cf795deda9215e6ccb61f2a9c942d77a6dca7cb6b7b39dc99fcb1e5ceea1b07d6f5ce6b4f9723c9783f29353d909e9533f1e4899a602c16ad839872d758b7e65eb05ddd7190253374df3fea42968844c5909e997d52a1a99f5a1edce714ea8e7ef36053c52b3ba86f5fcf7b72277ed074e7ae7f7377657fd8f6c8537ff72d3c633968d3ea3fcc5528f828afb8d484e175626dd58110a6b9bf38dce02f3f9f7dc9175c03e2d8b27ee5273905c55761dee03fb47717263d4ce1a207ffd7f9d1bbafad494a4bff6ef99cb9597b3fdb56ef75393f454129c969e9732f9933575b60ddf4da1f27d194f26971d95483aaa87a1c799facca0b162e59feeff36dd705d7803830595ae7713b431826cd2cc7d7739c727902a5d738720b2348bdf50dc7ab91814a73c7a3f304174d008c42ef0906fc9a83c2c449445b2e1f4db9b7d73f330d13bbfcd48c2c0766a3226698afc7e71ac7032c5c2448d1e0299a316a762df0425ac971ea96ee559b1fe662763b9c9269cfebff8aaa4d144741569e56a099a67b5efb47776355f527adb34d640b7d86b7c71d4636b8613cdb75d13440624d0292246dc644d71cb0e59595955a4b33c3d64884b14a22c5867c0d36fc95822ea7598a89fa4830644bb5d81c2525d71add8a36b54372028a56c775d018b848b863e175c51cc72f49cb70e8baf65429ddee7661cd5bab6c338b2f816e9f0b9e7defcf29e9b634787dc71ba64038c8beb76b2b6f9419caecc8e08f35d5c819932698d1f69950c09f3b69c69c3777eedca98e47bb2e5a147867dd1fd7a6a4662c127d7e7ee76b6b2149c7829167c068ce26bb49201a6a819eb00816bcef8b8860153808c802721e0aba036ef8d6fdf7abd96565d4899ac3a16838b4f5f0a9c09d89929ee1705104b065fd33cb299af9e5a4e9b3f46f3f510949b40826be57934331190540818e1d6a8d64e70bd9e840d652ba253ab6e8c9277932e374f27875181dea1e2910984b96f5cfa76d17dc07bcf3da330f92ce4f9872899ec691f67bbd38f2a7cdd8805a305ce709c89423118e916321e40f60e765894c8c164e98a2b725a75ece98ccd59b36fc21f77cda7721a300ffc2932bae04867ab674d2743d99df431e40164dd49a4e5fc29a47b38cd2d1da12c9cac9331167985b50c20b823ea7bdb5694f65e5b2b2caca67dd6369e4f90a80cc3b93f57373df39f1d664454830f03c9b92625b9d5f34411fff139623b708966fdc3c36b3538156413505033e08877ab51ef30b2a1689a4387a025bf192acfd93b530321b455e20b34664db9ba7efdeb0188b004819f2ef51b2d574c47d3c777effa65946a3d144fe62174730e0d58ef144ba238776bbba2e835e7336f61d83f727118190854e32417246f4188b00c87092bfc49c751393c0b35c341212c8e6840b0df42de7d22ab27d9fb4992c359db14566ac518094235bb589a46d7d1f20ea7fd188d539400857107a4d80a85c77dff9108c771824da413443d777707d0759af63fb0eaaef1a069d8f84e830e76421847452ec3b17fb9e91e9b370dfbd5100e0ff01cc4e65fe97f3b54d0000000049454e44ae426082, '2016-05-03 23:54:26'),
(5, 8, 0x89504e470d0a1a0a0000000d4948445200000040000000400806000000aa6971de000000097048597300000761000007610195c3b8b600000b8349444154789ced5b696c5cd515fede9b7ddeec9bf7658cb7c44ee2b09542014348488040a126a1b485a216b5a052a1b412aafaa3e98f4afd81da1f5545255a219542481342a190b084d4888622ea0021b193e0788d9d78f7eceb9bf77aeecbd8f19e099e4963d99f74e7cdbbdbdcf3bd73ce3df7be3b1c7285a64dbf02b81f02f20170891dd8d31cbac4f65ba8fd6fc1210e497e04afbe7b1239406e0878f0ceef4196ff0aa31a88883238ee3368f9dbf0d2814046edbfb5e9511ad90bd0a964507348522760adc39e3d0964197cb63b4463a39a847f36afc426f36516a0d8c4486e403cf55246ed1fd87c1d09ff6708445e99992faef7f0905109f87f801c409df51e5dda26faf4e85c4648d12860d2509e9ec770f41e346d7c93942e8fcabd94cc94b4e956a32434d38ee390a57550f31c0a8938ba881a1e6a935616c3c99f51f973d91e6ef64da0e9ce837a41b3c1b9da8dfe60e4427e7750822849a4d66ab5410db55a054e45028a2924132928aa9e48b13a40be9187f93c376a9e47be4a83be6303cc14be8e7d073fcee670b3ab010f6d2e27011a4baa5ce80845a7153957bbf8628bc0bb8c3a1835d37f3646248c45e3e80f44f8416a274f29639c196d3a7044842ce311caca2a01d9d30066fb2eed2193457f53de6a37dfe13beff4f5f4a41bf21d700bfa8cba09c49338727604a184389967d26ae0123974b70da620f357e3d5b7bf4096903d27e8d2fd9a3e6fae5957c877f9c34a1633e51b4b3c190bcf60d169705369de342d092592b0ba05e88c6416bcf492427696901d0298ea437ea6b8da8dd16492a6edf34a5c663341d05efa58b52a1e554ecbb4bc8ef1106a1a0a55641ff5706b1f4796901d02446907473ebbc2ebc4994078329ba9ee5705339da9605a60240d109c46f292f865b6b4203b0470d8e62ab571cc7e53d20517d6eb0f4d6ac3a580b5e89b42e485fec2f056bb595c5004b7ee0e64018b6771fb866aa490975f68c5702436ad683c9a4073d7004aac026c7a2df41a15058473732e12716c36f0c71338438232326762281c459db700ad6a2e258bf2a394f5361689c51320aa56b3b9c46136a07b606c56713829e2e4881fd9002389850a6697a00a0c84d667a3cfc59b0087553c797b81bc371336d7089086d89d02fbeacd467f8bd70019e516bb418a88223fd5de9927e7c833ead257763f0115ddab679842929eac940e816425284c81b993240542127d6157065f2c0187cd881e1646dfbfc983d7de1d5accf0174f00875287cbc4056264b3be38104c42206fed719ac034434bde9c5708b8e0d559be4633ddcbc7e317b44726061212af385026788ac8e93b1752a2c200f992528f90ee482ea5cfff3b016b9c2e811ba6501623315927f29c2e2c434d0239ad7a1c3d7e0ad1585c89fdaf6da803af52e354cfb022e4852e80da8a7ca492711c39da862499925eaf43437d0dd45a01273aced1ca89c738e2f08f44602af528042613622d356d59ccf017e7031ed8524c4fb7c8651730e48f302fc579e1c0d5344b6d71d5e2e5c79fc4261d05341f1ec1751109affee469ecfad153b8962f56ea4c26ae18bb9fdca194df98e495fa1bd4c2f9fa4fec50caaf4131e9bc0a628048206d73794c6c9fe1362c128b234095faaecb654234994264fcfce2a7cc5a88e2f24a44440dda2974dff7fa5b686969c1a1e60f5158b116ef7cdc09bdc1a4d4994806c1845d6f7da294bf7bb059a9ff8f37f62bf72fbefe118c8259a9e7e24d32174acafdc130dd3b98e26cc3f71bf58b12817dec7cb04e7bc7ba92bbee6828c87bff8b73bd19b5fcce160b2d6177d7351419faa331ced71f802ec1a3d17b03cc161ba9ae1efffae0dfa8282bc6fab5f518a7a0e8c5bd0770e0d07f5052514d2418a1d1eaa0331860b3bb70acb50ded9dbda8282dc4aada6af4f40de0777fda854f8fb5a3f4aa1a22c18460c8cff5c546b8885e85fa528a3a7bc6b4a9288268eb3c9ca9c0bf7978dd6d1bea0aea6e71d5763577774bdcce6f5fe3d270d27b60bb3650ec717722997864e79ed685b79f9a363e2b98f43b6ebab5923bd4750ee2c971b950b660dbfa7b275798e1a01fc1b1418c8dfb6030e861b1da6175e5636c780043e7fa27bb626454d4d4c33f3a88907f0cfe401056ab0582c54e535e9eb2146618191fc2dfbadea18597016bea0a20071338fe697f0429d97bb1d9803d648d5af30a99cdfde9ac4f92327fb75a03e92f3ccf37acbd7e2dcabc5761ffde37b6937bd253836d0b93c06f4c91236be91c8418a26a92cc15195dd36a0866ab92f2cbd85e868450c0874828089dde38ad1e9b26196b2c8c7617795152699cf317ed160739431d6942423e79768cb34b4c816523e9f1f5f4e5cd0585d768f7ea0dfaad1beed984d62f8ea2b7fdccf59a94f41c4dd2b8c5eab42221b2cdd714eede761f7958cd7dd4e0eface1bcf273f2cf63e1847fecc40870e6fcdaff2a47d9ac6ad14818bd1da7d0d37112f1580c2a9506169b0325de2a45235c9e029457ae22cf9f805667c0286947c7a9e318e8ef99d5978a6690428d1d88a5b864bb0f431da36c20fb604a1ccc44f8addbef27924518cd46581c16a6ee8daadbd7e47f23114b541bcd0242213fec0e072a57d5e0f4892f6b798e5f7b4bad735f73db706a56cf6d1d9da8bbfaf7349a0f0a39abad14f69aba729ae6f8e9f33bf5013309ca840ef846110e0514c10d460156870b26f217a481088783181eec87d5ee446149b9e21fd4ead9ab497d4a8d4428045a74ff34a14a3c8d3def3d87cfbbc54c840fd16ff7f67491164631d437045992f7f3a2ac7a4c96a4d6de2f7b9582d3eda7482565dcdd742fcdd9fcc29ac0b6a9f7bef77e1df2bd15c6fc3907ac52ab95a7dad77d1a36a707a5e40079956a563d464a45d56a9adbe3e83cd50a29959af327f3c827b0a9f60690b6ed7eff4bcc8309e1355aeda4f03ddd9d8a8c4c5692f95812fc13fcce5d47461232df388b04f23b999070e7834f565250b3c6e670cf37166556f0927082c98c85c09c9d3bbf0865e4f5e7228941abd333a72993db786cbe7e2685d768b66e25939e4b7892f97626bbe25e17438204ee617665aa3b1f8c17117c2698d6e8f48679cb896c8e485fbff9a11f97cf2c9b26fcf66f52141a995778567fdaa6289b12b59cd44c4fa2aeb4ba94066e4065552db315bcb5f70d524be9758a61ff38519fec9d3b9aac7d596b109cf945a5b85c488922ce74b7cb06c45ea95675bc30ad90e39eca5478a5faccce67922090c7acae59adc4e7fbcf93802b19243c32159e61ce6df1b948a8aa590587c385a580c181b3e8ea3c7d51e119e67d2f309584f2da32e88d7a2c25241349741cef5c507886791743138e9122b8d3e77a06b0d410f48594e87321e119165c0da61bb648d2956df7736162bf6121e119b2ff7a7c896185002c732c7b02d497e3473c9e7c1416955088abcaa83e73607e9f8fe6f276e4da01e79c00ad568bf28a2afce19fbd6869cfec8c94d3acc12fb657c093578081293b47b940ce4d806d770df913190bcf301a4ce270eb38ad1e4dc835724e00536193410d8dfad20ea3e4d975b81cf147ce4d20120e41cb8b78a6c98bcf3a83d35e88cc07b7558b1b57d970a2ad17b946ce09604ff1d8d1cfe0f6e4e1d64a4d866dc238d1da8740203b6f9517c2659905d886e7d9fe33b812b1120861996385002c73ac1080658e1502b0ccb1420096395608c032c70a0117ab20e7eabf855708e65a0eb373a8ecb4839d926d3c142f2830e8b084b1995290920fecef79007b533479a4662a01564a6b28d9a6b64ea5e4b8bc045f8da5c4143b64cdfeb7c764b4a7133b61cecedeb0ada61394a4a904b03f34da6676d4371afdd46dd56f1c1f1e87d966c652007b33ec1ff52314175be728667bf32594ba2845a612c00e1c8da60b9909287affda7fbb0f977b8c1fa267e0e6a5f49638294a43ef7c7ef6f929596c33926d4d33219806c459e6420e8e1dd2611ac11ebb70d7faa2af796c867a150f03ae70f8c2c9cec327073f1af0c598bdb3438c4c70b6c138eb38dd57f1f06ce66024e8d289ed746ad3579654e97b3e7dcfa04ee7cfc4443e3b913ad776f144be3ce53bbb8ae9c4fe58144fe7b16b2c7dcd10c0ff00b547e6fc6973aec70000000049454e44ae426082, '2016-05-03 23:54:10'),
(6, 10, 0x89504e470d0a1a0a0000000d4948445200000040000000400806000000aa6971de000000097048597300000761000007610195c3b8b60000102149444154789ced5b0b6c5bd779fecfb99714293e45511225514fcb8aed788ebbd8ede6b6b38b364b1cbf966d0986c4f2b2a5c8ba3eec18ed1e0d864e2850a04031b87ba140926e1ee0751d5c644513b7cd90795ee32e8e63295afc90254bd6fb4d8aa24491e2e3debbff3f7c8894a8d7153524583e81b8e47d9c7bce7ffef7ff0b3ec247f8ff0db6f4c4132d5f284f68c6bf04ce18a8ec95d72e7cb77d23031efffd2f7f5251d97e9e305e78ed5ffeca071f70e410e0d1e7ceba8c51a50b17efa6df480335aea8477e7ae16f7ebed640879e7dd66451ed3f94193fa1e16f5555ef87865c0f5cb9d29a800f3078f60f43543dc724eefe959dcdb07fef6e900d32e70cce1f3ad42aaf36c8934fb61aad8aedbf245c7c756505346f6b0089f3464badff107cc0915918ed3e8b6b4fbb5d2560293603e71cea6baaa1a76fa0c2561b78ea58cb19b3a6698f215b34e1d1c9409b46069a668cfd4744f37f8273e9e38d755e282b7541b5d70bbd7d030071e5611cfacdad9afcd1532ffc3af29ac71c715dba78b135a6678c0c010c51e559dc7db9ca530665e5e560b158898d01178857b57f66c80a9c71301a0c20cb125dab8fc713104f243e878b878a72b758bcd16884e2620b7e8a211e9c2d872dc2b19367be85537b91e19c22e6e90ee4d2fd7ac42d43005ce8f3454603381d4e703a4bc43993c90475de2a084716c0830b3415152d1b000920ae3b6c56f1db684cde431c84449b822dc0b196af1cc4b15f2c71dac16eb5c2c0f0e85ee4d2c7f0d2eb1b1d4b10e0f8ef7db90ab5c103656e17d8ecb6cc454551a1dc5dbaea000659ce2c9e108984f11381583c8a8ca38ec31640d3d8cbb2c4617b431d2414850840ef6ad43396208062e0472534082ea743b02e616e6e0ee2f1e5623531310109dc75bbdd01b6ac85a771f76e17cc046721ba10432b0ac350601c3979fa8024f1ed35559549f1d492a64c635c97c9155680017b16070533b2bc8603fa7c53303e369af70103ea80582c0e939313f90744d68f27e2342fe01aaf7bfcd4979a5b5b5b39140a1cfe98c62e2b2d0192ffaaea6a925f5074129bd3e434d0f6d1ee1386060720303dbde2032e178a89cd26145d3e783c1e2197a02a6032f0572c0663575baf6fea48cb9927a100601a1c279123421307d286d0aeb138d74780f69e6023da6c83cd6a5df5c6783c0ebdbdf7a1adad1d0607076161614188c252582c4911423b01a79e3a06cf3dfd04782bdc2eb3ccfef568cbe9c76113387eeacc1e9cabdd5d9a52d2663344633150d05acd1b03a37ac6e40a53f69128598a4d2bde44cab0bbab1bf6ed7d10cefffdb7e1a573df841d4df5d0dddd2d4ce5b241c902e0f197efb4a33f3008e7bef575b0169b18d3b4efc226a068f008726b46e9864221088723a4072257ce9f5fd033265a77d8a3aa9a90ff95109c09c0ee9ddbe10f9ff96db0592de02a71c257bff407b0675733f87dcb750f11804c6867772f5cb97a5df80e073efe31bca236c12680ced7095992936c8f08cfcfc3ed3b9d7421ae774c947fd6244952cae1c98f607006ee74f540cb1ffd0974dceccc9c7ff2c461d4f833799f71a153f4c0f606f88baf7d518c3de523c791454027528a749fdd96ab7b62494ba53bde400e50bde4d9ad86e94010e642f3f8b2385cbbd191395f8b4e52303897f719b7db0d0383a340cecad56b6dd071ab133995ff1074a2fd7e6037cabfb924a5acd3206e832c876ea3a0073db2b43a018ad0bd6d6aac837964b9e3873f9b391f9c9d8362544404da65534283a2db03208d0780f98350120ac3775afe14261bdd1049683df89eafea9d28aa9adf408f5b8860362431f755d8770d1001e4b538a01cdd60d2014ffdd6e19cf36f5c7e0baaab2ba1a6b60ee4b16998ffce7930a3f77364d727206171c1a5fe776047732df8c9858e86aa211e7bfec4d35f5419d77a7e7ce17b3fded04c99f6bb12528036a39090d161873c79911c383036f8c9cf2e0bea1f3cb05f989d372e5f85d7fffd0a3cfad861a1f054a70d246f39847b86e162c72fc47352ad07dc4f1f868ff926e1adb7af9b132a33722df18eaa68431b99a448d230fe49578963d9b57c5668235897ec14e10e366e6b84572fbd09dfbff023c176d55555f0c86f3e0a661481a1a1214142ef373e0fcac81404debd29ceedfdc233c00c32784d5e0c923a6021a2fe39d3d42b1442e3ed77d73bc92833be283390ab2a960797d1680c758be6079d90d18b52d74345dae5868606f8d4a76b32f1c24c200097af5d03674949920b701ca9ba0c0cd687a1fb6793503ded87f28a0a41b0871edc09d7db3b8a814b5f37cec706d73bc163a74e9f400e3d4d9eaac9b43c1a8da123841458f7784b417e4050c1886abd88a20748f7ff4f4707bcf7de7bb07fff7e0cc4548845a342236be896b6b7b581b7a606ae5ebd0ab76fdd12cfd5d47849513245e5672f5e7c29b89e771d6939fb3c3ef22a86e16c5b7d4dde7b2827816be8059d401d00e1c40608e0f7fb84edb7623cb0e7a187e0dadb6f83d3e9849dbb7689eb6d376e808a443870e080d89de9545c415cd38044e81d186a79f4b9b35f7be3fbe7560c388eb49cde8d8bfa9ec4b54fd1733b9bb7a5cd5d0e1289d4bc195c079d9071aed39aaaadfb01dae104fa03683aa0ef7e2f381c0ed8b173a7b8469c41bec2c18307855924dd5159599979f6c1077740dfd0b06c8829af1e7ee62b270d2a171e5c5462dca0a9bb3080f834b2f313b8d83d64d828e4adac285b712ef42eca54a18fac5b0450b7b0194587264d07420654723df7baf168c405a3bfd0b40d66678329cf5244eaf06e5b87b01ce412bbd031f207660e4a9c0da93c497803de231682309b8b446a8d526c12e76bce81893f55571c40400268016d93a68440c9937c0914427565b9085a6228af94c9713aec40c9d70c0ba740c4dc0848b96ae28f9b4027645cfa20d19e3438e785cb5b648376dee8302c3bbfd1052f05397094c0416e73ea1d836b8c8d52118876e7c306ca47924e422e6ed63b06672a1b26579a121e1f3610c7a6b8e080ee3134950d121517d08e7f1821f29800bbf43ecfe7471d83aaaa2822b3f22184d5524c0c5c49e5393dcf73aaa6a01299988fac6d492835363e3e015d5dddd0d9d9091f049496385114241e33fa75659b84da4709685b8b03281770f3e64d91100d068399ea511ae4f5f5f5f5c3eddb77f23e4f62b615a02c3541e1ac5ecff349bba7c1bf913b9c2fcb4ba00cf0ddbb77938107a2b6b6063d3c4fe6bacfe713c4999a9a02ab7579ba3c189c85f6f676515429341ce853084ba041959ee78521e620bd45698110728133ab349606a5c389fd09b5b5b5e0f15464ae0d0d0dc3d8d898f84e7e3b5dcfc6d4940ffafbfbc5242d160b1412e48e537d827c188d817e0ef8c985733da8074394fb5b8a70382cd89f5cdbc6c6c69cc58f8e8e65164f95a5a6a6a69ce42ae98bbebe3eb1780a98ac6bd41e368a6224287983e432a3275da1678c6cd7efede999e519de50685e2caeb9b919dc59855222caf0f06231a6aeae2e275ea72890f4451a140e171a549f4c56a13946a050a6678c8c2f8a2cf47364f34722680dcce645d7da853ebb1dc5c2b4a46ed0df3f90f94ebb4b59e034883824366994959589cc512161c448333d26b5b120e7e93383e92fc8a6fd749cf0e5669748ce962e9e2a32b44802b16043c3a2f8913cf6f6f666b43e5df77aaba1d0287525b971b3d6254300a649d3a280e10fac39e8f47420f3ddebf5662a3584919151b41ad1acebd539d70b81a2229348c81088e054d9c239eb6a9159e400a6fac81e5297c8947f7ad587880308c4821559894a8a27b24d1d5d2f2f2f7c974c69962ea277a6729afafb03081a5328bd2a9a2486472756e582b43fb054b14d4c4ce6a4a9493498fe9a455e500f12f52fa541390831574dbba767bc0c018a3465464bbda01895e0c4d4ca04a51792cd27e5970d7284d2208b5168b347703872df393f1f164a1063e2cd11200d45554463d41072017582e4036975f206974e241d5293d9f47a6b602b60b3e53a6a7e34b7825915b943cf787953406406ab2acaa0b73f7fae91149bdd6ecf39473d4569509788d15858c54720ee94e4c52c127162ffe03089ddcca51f9cbbaf67cc157360559e72d1813536b1be4e37ea0c2390c6f7782a612b906ec14b83fa030233414a8bfe54ef982b12809457f3b67a18199f1455e0b5904824d9bfaaaa4a88c056409673738823e8868bbcb3c65ed63be6b299b2ac422955629b1beba0abb77fcd8c11b1234db0accc0d5b05392b894a35885b77eea2ced246f635397fa177cc5c02e022a425bd0224cb64da6e75de1385c895505f5f0fbb76eddcb2cc32a5d0b395f2e4e42490db8ea6fbdbadadadbaf3fa99d9aaaac1cd844f9d7b03b13f8943229198b9d9d9bd22279082329974a7e7d7c4f0d838cc63644aa0ddbf7ea39d3626c08a23ffb0997133048873ad98046069b7c8c4949f6a7d4390306c8f271203efdfe95e974e283428f797ce5a510e2284661765ff85d75e7a29bc9971f9e2172e7cd66c45432c1649faf57f4bfffd11374abfaa2a4aefdd9ebe755b8742815a71a8059ff213bf7ce75d2ab5bdbbafa9e4c266c7cd30fcb193a73f0f9cbdbc8ffe5122c505bdfd43222ed034f516de4a09873251af4bc909798cd4b04c35c1ff0bdcbb3f00c1b99070b83460dfc453ff2d69a02a0ca8305f8e272b30ac2fc5d9b954606e069a9818fa490a63da10d3e01ed378e7ac1c7c2bdd57b8b8dd8c09d78d14dec4f48c68780ea69c1b94eddd66531158701768b1641d4839066666e1fdce2ea0ce8d4af41b7881fdfea5d88e166914cdf228c61c8aa27e837493f82463015196a72347332c319651c864a128a547554486d7ac8a2d7cf4e4993f7bfdc25fff5d66c6474e9dbe2c73e933b40687dd06250e3b58d1dfcf4e8ee403116c1ce306e29ab55aeb57820fc36b0aa149fce8bdebe1282a8d93552085480ba632197da4553ade880873e83c8d8c8e8bfc277afd9f1104387af28543920cff598136bca6ca232642757f094f52ff7f3af9b155181a19138b20334b7949abb518bc951ea1f8b602e4e1dee8b8851ca39e154d761687fd98a3a4ec7091f0b525a8aaac129d61d4e060b55905e5a25b583aa3ee337a374d8c921bb328e73ed43dfe00e52899b85648ef726cd2271a3f47fb7bfe517431a0fffef0af3df654abc359fa38b2104be702e8b898da4ab6d331215b4cc83bfdaf10890c95bfa94647accb79ae1ea05a83b298b5111a2986e7e83cb1b0e8f248f65108195612f150381c6a8f85e7fbeda5e5470c066329a4bc4ce208e20efad71d220a1546a9779040ef25f627914ca7f029b2a5eff41eea2a273f62263827081d9e0fbdf7e68f5ef99decd95acaab1b9a3c3575fb8d45c5db31ea727226c98c732337182c9ccb4548040b6392115f664096c5b89449d4f8c4b864468d2bd134447a352f98263486aa86a8cb464924828978cc175b88f81722a1c9702830313d35393935d29f93946cd8f1507d454de33e9bddb5d7603235a258dab2bdcd4ce226a504d38a51bc317d84a4aec28d984fc4a3771642a15746baaeff534f4f4f7435b54da19735f5a1f42b09a429f5212db5b9ee069db03a5c6677755da5d56a2b292a2ab6e31e190db241280bdc2c851ad19033e3c8a27348941964bc51f4718635cedebf7ae90781a5e36dc66e11ef112128f02f4afd9653e758ea3c1d79ea7bbee7b389488146be3c5c5af928599f44ea7efa1e4fddb3d2f31f616500fc2fe21c94e59b1cf4c50000000049454e44ae426082, '2016-05-03 23:54:10');

-- --------------------------------------------------------

--
-- Структура таблицы `auth_assignment`
--

CREATE TABLE IF NOT EXISTS `auth_assignment` (
  `item_name` varchar(64) COLLATE utf8_unicode_ci NOT NULL,
  `user_id` varchar(64) COLLATE utf8_unicode_ci NOT NULL,
  `created_at` int(11) DEFAULT NULL,
  PRIMARY KEY (`item_name`,`user_id`)
) ENGINE=InnoDB DEFAULT CHARSET=utf8 COLLATE=utf8_unicode_ci;

--
-- Дамп данных таблицы `auth_assignment`
--

INSERT INTO `auth_assignment` (`item_name`, `user_id`, `created_at`) VALUES
('admin', '37', 1460987646),
('admin', '45', 1462363781),
('admin', '46', 1462392262),
('admin', '47', 1462392310),
('admin', '48', 1462392386),
('admin', '49', 1462392429),
('admin', '50', 1462436779),
('client', '40', 1460987968),
('client', '43', 1462220250),
('photographer', '39', 1460987646),
('photographer', '44', 1462220437);

-- --------------------------------------------------------

--
-- Структура таблицы `auth_item`
--

CREATE TABLE IF NOT EXISTS `auth_item` (
  `name` varchar(64) COLLATE utf8_unicode_ci NOT NULL,
  `type` int(11) NOT NULL,
  `description` text COLLATE utf8_unicode_ci,
  `rule_name` varchar(64) COLLATE utf8_unicode_ci DEFAULT NULL,
  `data` text COLLATE utf8_unicode_ci,
  `created_at` int(11) DEFAULT NULL,
  `updated_at` int(11) DEFAULT NULL,
  PRIMARY KEY (`name`),
  KEY `rule_name` (`rule_name`),
  KEY `idx-auth_item-type` (`type`)
) ENGINE=InnoDB DEFAULT CHARSET=utf8 COLLATE=utf8_unicode_ci;

--
-- Дамп данных таблицы `auth_item`
--

INSERT INTO `auth_item` (`name`, `type`, `description`, `rule_name`, `data`, `created_at`, `updated_at`) VALUES
('admin', 1, NULL, NULL, NULL, 1460585115, 1460585115),
('client', 1, NULL, NULL, NULL, 1460995412, 1460995412),
('createAlbums', 2, 'Create an album', NULL, NULL, 1460585102, 1460585102),
('createUsers', 2, 'Create an user', NULL, NULL, 1461801131, 1461801131),
('deleteAlbums', 2, 'Delete album', NULL, NULL, 1460585102, 1460585102),
('deleteUsers', 2, 'Delete user', NULL, NULL, 1461801131, 1461801131),
('indexAlbums', 2, 'Index an album', NULL, NULL, 1460585102, 1460585102),
('indexAllowAlbums', 2, 'Index allowed album', 'isAllow', NULL, 1460995413, 1460995413),
('indexAllowImages', 2, 'Index allow images', 'isAllow', NULL, 1461100347, 1461100347),
('indexImages', 2, 'Index images', NULL, NULL, 1461100347, 1461100347),
('indexOwnAlbums', 2, 'Index own album', 'isAuthor', NULL, 1460995413, 1460995413),
('indexOwnImages', 2, 'Index own images', 'isAuthor', NULL, 1460995413, 1460995413),
('indexOwnUsers', 2, 'Index own user', 'isOwner', NULL, 1461801131, 1461801131),
('indexUsers', 2, 'Index an user', NULL, NULL, 1461801131, 1461801131),
('photographer', 1, NULL, NULL, NULL, 1460585115, 1460585115),
('updateAlbums', 2, 'Update album', NULL, NULL, 1460585102, 1460585102),
('updateOwnAlbums', 2, 'Update own album', 'isAuthor', NULL, 1460585130, 1460585130),
('updateOwnUsers', 2, 'Update own user', 'isOwner', NULL, 1461801131, 1461801131),
('updateUsers', 2, 'Update user', NULL, NULL, 1461801131, 1461801131),
('viewAlbums', 2, 'View album', NULL, NULL, 1460585102, 1460585102),
('viewAllowAlbums', 2, 'View allowed album', 'isAllow', NULL, 1460995413, 1460995413),
('viewOwnAlbums', 2, 'View own album', 'isAuthor', NULL, 1460633268, 1460633268),
('viewOwnUsers', 2, 'View own user', 'isOwner', NULL, 1461801131, 1461801131),
('viewUsers', 2, 'View user', NULL, NULL, 1461801131, 1461801131);

-- --------------------------------------------------------

--
-- Структура таблицы `auth_item_child`
--

CREATE TABLE IF NOT EXISTS `auth_item_child` (
  `parent` varchar(64) COLLATE utf8_unicode_ci NOT NULL,
  `child` varchar(64) COLLATE utf8_unicode_ci NOT NULL,
  PRIMARY KEY (`parent`,`child`),
  KEY `child` (`child`)
) ENGINE=InnoDB DEFAULT CHARSET=utf8 COLLATE=utf8_unicode_ci;

--
-- Дамп данных таблицы `auth_item_child`
--

INSERT INTO `auth_item_child` (`parent`, `child`) VALUES
('admin', 'createAlbums'),
('photographer', 'createAlbums'),
('admin', 'createUsers'),
('admin', 'deleteAlbums'),
('admin', 'deleteUsers'),
('admin', 'indexAlbums'),
('indexAllowAlbums', 'indexAlbums'),
('indexOwnAlbums', 'indexAlbums'),
('client', 'indexAllowAlbums'),
('client', 'indexAllowImages'),
('admin', 'indexImages'),
('indexAllowImages', 'indexImages'),
('indexOwnImages', 'indexImages'),
('photographer', 'indexOwnAlbums'),
('photographer', 'indexOwnImages'),
('client', 'indexOwnUsers'),
('photographer', 'indexOwnUsers'),
('admin', 'indexUsers'),
('indexOwnUsers', 'indexUsers'),
('admin', 'updateAlbums'),
('updateOwnAlbums', 'updateAlbums'),
('photographer', 'updateOwnAlbums'),
('client', 'updateOwnUsers'),
('photographer', 'updateOwnUsers'),
('admin', 'updateUsers'),
('updateOwnUsers', 'updateUsers'),
('admin', 'viewAlbums'),
('viewAllowAlbums', 'viewAlbums'),
('viewOwnAlbums', 'viewAlbums'),
('client', 'viewAllowAlbums'),
('photographer', 'viewOwnAlbums'),
('client', 'viewOwnUsers'),
('photographer', 'viewOwnUsers'),
('admin', 'viewUsers'),
('viewOwnUsers', 'viewUsers');

-- --------------------------------------------------------

--
-- Структура таблицы `auth_rule`
--

CREATE TABLE IF NOT EXISTS `auth_rule` (
  `name` varchar(64) COLLATE utf8_unicode_ci NOT NULL,
  `data` text COLLATE utf8_unicode_ci,
  `created_at` int(11) DEFAULT NULL,
  `updated_at` int(11) DEFAULT NULL,
  PRIMARY KEY (`name`)
) ENGINE=InnoDB DEFAULT CHARSET=utf8 COLLATE=utf8_unicode_ci;

--
-- Дамп данных таблицы `auth_rule`
--

INSERT INTO `auth_rule` (`name`, `data`, `created_at`, `updated_at`) VALUES
('isAllow', 'O:30:"app\\controllers\\auth\\AllowRule":3:{s:4:"name";s:7:"isAllow";s:9:"createdAt";i:1460995412;s:9:"updatedAt";i:1460995412;}', 1460995412, 1460995412),
('isAuthor', 'O:31:"app\\controllers\\auth\\AuthorRule":3:{s:4:"name";s:8:"isAuthor";s:9:"createdAt";i:1460585130;s:9:"updatedAt";i:1460585130;}', 1460585130, 1460585130),
('isOwner', 'O:30:"app\\controllers\\auth\\OwnerRule":3:{s:4:"name";s:7:"isOwner";s:9:"createdAt";i:1462201101;s:9:"updatedAt";i:1462201101;}', 1462201101, 1462201101);

-- --------------------------------------------------------

--
-- Структура таблицы `migration`
--

CREATE TABLE IF NOT EXISTS `migration` (
  `version` varchar(180) NOT NULL,
  `apply_time` int(11) DEFAULT NULL,
  PRIMARY KEY (`version`)
) ENGINE=InnoDB DEFAULT CHARSET=utf8;

--
-- Дамп данных таблицы `migration`
--

INSERT INTO `migration` (`version`, `apply_time`) VALUES
('m000000_000000_base', 1460360729),
('m140506_102106_rbac_init', 1460360732);

-- --------------------------------------------------------

--
-- Структура таблицы `orders`
--

CREATE TABLE IF NOT EXISTS `orders` (
  `id` int(10) unsigned NOT NULL AUTO_INCREMENT,
  `user_id` int(10) unsigned NOT NULL,
  `status` enum('new','in progress','reject','done') NOT NULL DEFAULT 'new',
  `active` tinyint(1) NOT NULL DEFAULT '1',
  `created_at` timestamp NOT NULL DEFAULT CURRENT_TIMESTAMP,
  `modified_at` timestamp NULL DEFAULT NULL,
  PRIMARY KEY (`id`),
  KEY `user` (`user_id`)
) ENGINE=InnoDB DEFAULT CHARSET=utf8 AUTO_INCREMENT=1 ;

-- --------------------------------------------------------

--
-- Структура таблицы `order_images`
--

CREATE TABLE IF NOT EXISTS `order_images` (
  `id` int(10) unsigned NOT NULL AUTO_INCREMENT,
  `order_id` int(10) unsigned NOT NULL,
  `image_id` int(10) unsigned NOT NULL,
  `type` enum('print','digital') NOT NULL,
  `created_at` timestamp NOT NULL DEFAULT CURRENT_TIMESTAMP,
  PRIMARY KEY (`id`),
  KEY `order` (`order_id`,`image_id`) USING BTREE,
  KEY `order/images_ibfk_2` (`image_id`)
) ENGINE=InnoDB DEFAULT CHARSET=utf8 AUTO_INCREMENT=1 ;

-- --------------------------------------------------------

--
-- Структура таблицы `packages`
--

CREATE TABLE IF NOT EXISTS `packages` (
  `id` int(10) unsigned NOT NULL AUTO_INCREMENT,
  `user_id` int(10) unsigned NOT NULL,
  `name` varchar(50) NOT NULL,
  `price` smallint(5) unsigned NOT NULL,
  `limitation` smallint(5) unsigned NOT NULL,
  `description` varchar(500) DEFAULT NULL,
  `active` tinyint(1) NOT NULL DEFAULT '1',
  `created_at` timestamp NOT NULL DEFAULT CURRENT_TIMESTAMP,
  `modified_at` timestamp NULL DEFAULT NULL,
  PRIMARY KEY (`id`)
) ENGINE=InnoDB DEFAULT CHARSET=utf8 AUTO_INCREMENT=1 ;

-- --------------------------------------------------------

--
-- Структура таблицы `reset_pass`
--

CREATE TABLE IF NOT EXISTS `reset_pass` (
  `id` int(10) NOT NULL AUTO_INCREMENT,
  `email` varchar(25) NOT NULL,
  `created_at` int(11) NOT NULL,
  `valid_at` int(11) DEFAULT NULL,
  `used` int(11) NOT NULL,
  `user_id` int(10) unsigned NOT NULL,
  `reset_code` varchar(50) NOT NULL,
  PRIMARY KEY (`id`),
  KEY `id_user` (`user_id`)
) ENGINE=InnoDB  DEFAULT CHARSET=utf8 AUTO_INCREMENT=24 ;

--
-- Дамп данных таблицы `reset_pass`
--

INSERT INTO `reset_pass` (`id`, `email`, `created_at`, `valid_at`, `used`, `user_id`, `reset_code`) VALUES
(18, 'travers.nk@gmail.com', 1462218602, 1462222202, 1, 37, 'BQua7WDqDQ4Js5SGD3VBjMOdGK7HQLYP'),
(19, 'travers.nk@gmail.com', 1462219438, 1462223038, 0, 37, 'hLNfi_QRJ65U2ptZK4NT46lW5NY7nfKm'),
(20, 'client@gmail.com', 1462298319, 1462301919, 1, 40, 'U9-C1hmIyica5F8JANRwmH5RVBDc698k'),
(21, 'admin2@gmail.com', 1462366069, 1462369669, 1, 45, 'WKagOrdsvlpGBahggHWujnJURCNCezs4'),
(22, 'admin3@gmail.com', 1462431550, 1462435150, 0, 48, 'w60zxNvXRTRj2R4qjCl-kIAqqVU9-7SU'),
(23, 'admin3@gmail.com', 1462434530, 1462438130, 0, 48, '_6j-zDrNmMeGtp7HDQj_JQP70HYfmFKY');

-- --------------------------------------------------------

--
-- Структура таблицы `users`
--

CREATE TABLE IF NOT EXISTS `users` (
  `id` int(10) unsigned NOT NULL AUTO_INCREMENT,
  `access_token` varchar(100) DEFAULT NULL,
  `role` enum('client','photographer','admin') NOT NULL,
  `name` varchar(50) NOT NULL,
  `email` varchar(50) NOT NULL,
  `password` varchar(50) NOT NULL,
  `phone` varchar(15) DEFAULT NULL,
  `modified_at` timestamp NULL DEFAULT NULL ON UPDATE CURRENT_TIMESTAMP,
  `created_at` timestamp NOT NULL DEFAULT CURRENT_TIMESTAMP,
  `auth_key` varchar(32) DEFAULT NULL,
  `password_hash` varchar(255) DEFAULT NULL,
  PRIMARY KEY (`id`),
  UNIQUE KEY `username` (`email`),
  UNIQUE KEY `username_2` (`email`),
  UNIQUE KEY `username_3` (`email`)
) ENGINE=InnoDB  DEFAULT CHARSET=utf8 AUTO_INCREMENT=51 ;

--
-- Дамп данных таблицы `users`
--

INSERT INTO `users` (`id`, `access_token`, `role`, `name`, `email`, `password`, `phone`, `modified_at`, `created_at`, `auth_key`, `password_hash`) VALUES
(37, '2Jc9MULQPi9oews9bEMIFe-B2hHuMuNL', 'admin', 'nata', 'travers.nk@gmail.com', 'nata1', '5555', '2016-05-02 20:26:56', '2016-04-18 13:12:09', 'WpmqxmPAJTflLDZxK9uF5ACYxvkAYtjq', '$2y$13$pyheC9LXLSVexNmeEpkGrORCYF4e7kFueEJ61.9IDly0KdLKjHjTe'),
(39, 'Dc_O1Jx27JlD2QQek6YQtTa_-rCodCfz', 'photographer', 'photo', 'photo@gmail.com', 'photo', '111111', '2016-05-03 16:19:43', '2016-04-18 13:14:17', 'JybvPAuP-A8UYBWc8GRxYfURCAi18BTE', '$2y$13$jcFoafaJF2Y1Vkgr6Y1F7.aCaY7EvU31PKAsNtgVVjwtO81ACGGma'),
(40, 'sWQZwvyXHXAu9MFQf4z8Q16y5B8GM3s8', 'client', 'client', 'client@gmail.com', '123', '5555', '2016-05-03 17:59:34', '2016-04-18 13:28:07', '7BzbhlewYxJ-qcyEia2GLejsXgcDAin6', '$2y$13$T4VuLmatoreLv4vzmU0E2umoH1r58ypY01HR9UG4qzS/tFohIBsDe'),
(43, '', 'client', 'client2', 'client2@gmail.com', 'client2', NULL, '2016-05-04 12:47:12', '2016-05-02 20:17:30', 'YzCOs0SOr7dLfVzkJKoRMKHPrWqlsv6_', '$2y$13$fZ8PppBhCth2hVUs1r/nW.lZI/rS1ZDcXJh4xSqKf/xvGa1Ei/Xb.'),
(44, NULL, 'photographer', 'photo2', 'photo2@gmail.com', 'photo2', NULL, NULL, '2016-05-02 20:20:37', 'rttH1pvn4Gn0vM1UUqWMoZuvZ12DijM8', '$2y$13$AhM5917B1pibkknl2qK2NuBwyJoMG18nBlRmOd/GZuWtaZfEzM.eK'),
(45, NULL, 'admin', 'admin2', 'admin2@gmail.com', 'admin777', '565666', '2016-05-04 12:50:01', '2016-05-04 12:09:41', 'j5njeBjpdcOm6Jw6UrDU8Un4v_9yWw-t', '$2y$13$NF9pnxwVwfVh5XA5S8lzJu4vT5m0b2xNOpYyGszKotzwH3zOMwv4C'),
(48, NULL, 'admin', 'album4', 'admin3@gmail.com', 'admin777', NULL, NULL, '2016-05-04 20:06:26', 'HDJ1HUm7GKgLGDqF3HSJJuLJ0mCKlRIV', '$2y$13$PpwUXzJWOyXsy0jxSB5SGO3964g4JQYYjS19MLiQ0uLiqDGyYDHIe');
-- --------------------------------------------------------

--
-- Структура таблицы `user_packages`
--

CREATE TABLE IF NOT EXISTS `user_packages` (
  `id` int(10) unsigned NOT NULL AUTO_INCREMENT,
  `package_id` int(10) unsigned NOT NULL,
  `user_id` int(10) unsigned NOT NULL,
  `created_at` timestamp NOT NULL DEFAULT CURRENT_TIMESTAMP,
  PRIMARY KEY (`id`),
  KEY `package` (`package_id`) USING BTREE,
  KEY `user` (`user_id`) USING BTREE
) ENGINE=InnoDB DEFAULT CHARSET=utf8 AUTO_INCREMENT=1 ;

--
-- Ограничения внешнего ключа сохраненных таблиц
--

--
-- Ограничения внешнего ключа таблицы `albums`
--
ALTER TABLE `albums`
  ADD CONSTRAINT `albums_ibfk_1` FOREIGN KEY (`user_id`) REFERENCES `users` (`id`) ON DELETE CASCADE ON UPDATE CASCADE;

--
-- Ограничения внешнего ключа таблицы `album_clients`
--
ALTER TABLE `album_clients`
  ADD CONSTRAINT `album_clients_ibfk_1` FOREIGN KEY (`album_id`) REFERENCES `albums` (`id`) ON DELETE CASCADE ON UPDATE CASCADE,
  ADD CONSTRAINT `album_clients_ibfk_2` FOREIGN KEY (`user_id`) REFERENCES `users` (`id`) ON DELETE CASCADE ON UPDATE CASCADE;

--
-- Ограничения внешнего ключа таблицы `album_images`
--
ALTER TABLE `album_images`
  ADD CONSTRAINT `album_images_ibfk_1` FOREIGN KEY (`album_id`) REFERENCES `albums` (`id`) ON DELETE CASCADE ON UPDATE CASCADE;

--
-- Ограничения внешнего ключа таблицы `auth_assignment`
--
ALTER TABLE `auth_assignment`
  ADD CONSTRAINT `auth_assignment_ibfk_1` FOREIGN KEY (`item_name`) REFERENCES `auth_item` (`name`) ON DELETE CASCADE ON UPDATE CASCADE;

--
-- Ограничения внешнего ключа таблицы `auth_item`
--
ALTER TABLE `auth_item`
  ADD CONSTRAINT `auth_item_ibfk_1` FOREIGN KEY (`rule_name`) REFERENCES `auth_rule` (`name`) ON DELETE SET NULL ON UPDATE CASCADE;

--
-- Ограничения внешнего ключа таблицы `auth_item_child`
--
ALTER TABLE `auth_item_child`
  ADD CONSTRAINT `auth_item_child_ibfk_1` FOREIGN KEY (`parent`) REFERENCES `auth_item` (`name`) ON DELETE CASCADE ON UPDATE CASCADE,
  ADD CONSTRAINT `auth_item_child_ibfk_2` FOREIGN KEY (`child`) REFERENCES `auth_item` (`name`) ON DELETE CASCADE ON UPDATE CASCADE;

--
-- Ограничения внешнего ключа таблицы `orders`
--
ALTER TABLE `orders`
  ADD CONSTRAINT `orders_ibfk_1` FOREIGN KEY (`user_id`) REFERENCES `users` (`id`) ON DELETE CASCADE ON UPDATE CASCADE;

--
-- Ограничения внешнего ключа таблицы `order_images`
--
ALTER TABLE `order_images`
  ADD CONSTRAINT `order_images_ibfk_1` FOREIGN KEY (`order_id`) REFERENCES `orders` (`id`) ON DELETE CASCADE ON UPDATE CASCADE,
  ADD CONSTRAINT `order_images_ibfk_2` FOREIGN KEY (`image_id`) REFERENCES `album_images` (`id`) ON DELETE CASCADE ON UPDATE CASCADE;

--
-- Ограничения внешнего ключа таблицы `reset_pass`
--
ALTER TABLE `reset_pass`
  ADD CONSTRAINT `resetpass_ibfk_1` FOREIGN KEY (`user_id`) REFERENCES `users` (`id`);

--
-- Ограничения внешнего ключа таблицы `user_packages`
--
ALTER TABLE `user_packages`
  ADD CONSTRAINT `user_packages_ibfk_1` FOREIGN KEY (`package_id`) REFERENCES `packages` (`id`) ON DELETE CASCADE ON UPDATE CASCADE,
  ADD CONSTRAINT `user_packages_ibfk_2` FOREIGN KEY (`user_id`) REFERENCES `users` (`id`) ON DELETE CASCADE ON UPDATE CASCADE;

/*!40101 SET CHARACTER_SET_CLIENT=@OLD_CHARACTER_SET_CLIENT */;
/*!40101 SET CHARACTER_SET_RESULTS=@OLD_CHARACTER_SET_RESULTS */;
/*!40101 SET COLLATION_CONNECTION=@OLD_COLLATION_CONNECTION */;
